{
    "Graphs/train custom_loss": 0.10320314841786611,
    "Graphs/learning rate": 0.0002584946064205453,
    "_step": 33589248,
    "Graphs/val. custom_loss": 0.07779883608682868,
    "_runtime": 19661.279347896576,
    "_timestamp": 1578420260.5602674
}
